{
  "@microsoft/generator-sharepoint": {
    "plusBeta": false,
    "isCreatingSolution": true,
    "version": "1.14.0",
    "libraryName": "mynew-application-customizer-demo",
    "libraryId": "19a040e9-0994-4ad9-b966-1867baafb74c",
    "environment": "spo",
    "packageManager": "npm",
    "solutionName": "mynew-application-customizer-demo",
    "solutionShortDescription": "mynew-application-customizer-demo description",
    "skipFeatureDeployment": true,
    "isDomainIsolated": false,
    "componentType": "extension",
    "extensionType": "ApplicationCustomizer"
  }
}
