{
  "$schema": "https://developer.microsoft.com/json-schemas/core-build/serve.schema.json",
  "port": 4321,
  "https": true,
  "serveConfigurations": {
    "default": {
      "pageUrl": "https://kameswarasarma.sharepoint.com/Lists/ProjectsStatus/AllItems.aspx",
      "fieldCustomizers": {
        "Status": {
          "id": "b5f8cf21-c938-43ce-afbf-05610f9ce2c6",
          "properties": {
            "sampleText": "Completed"
          }
        }
      }
    },
    "myfieldcustomizerextensionnew": {
      "pageUrl": "https://kameswarasarma.sharepoint.com/Lists/ProjectsStatus/AllItems.aspx",
      "fieldCustomizers": {
        "InternalFieldName": {
          "id": "b5f8cf21-c938-43ce-afbf-05610f9ce2c6",
          "properties": {
            "Status": "Completed"
          }
        }
      }
    }
  }
}
