{
  "@microsoft/generator-sharepoint": {
    "plusBeta": false,
    "isCreatingSolution": true,
    "version": "1.14.0",
    "libraryName": "field-extension-demo-new",
    "libraryId": "6e4e6e22-07f3-49bd-8936-119654ec15ba",
    "environment": "spo",
    "packageManager": "npm",
    "solutionName": "field-extension-demo-new",
    "solutionShortDescription": "field-extension-demo-new description",
    "skipFeatureDeployment": true,
    "isDomainIsolated": false,
    "componentType": "extension",
    "extensionType": "FieldCustomizer"
  }
}
