{
  "@microsoft/generator-sharepoint": {
    "plusBeta": false,
    "isCreatingSolution": true,
    "version": "1.14.0",
    "libraryName": "command-set-demo-new",
    "libraryId": "f89a18f0-122b-409f-ac91-ecca338c4ca4",
    "environment": "spo",
    "packageManager": "npm",
    "solutionName": "command-set-demo-new",
    "solutionShortDescription": "command-set-demo-new description",
    "skipFeatureDeployment": true,
    "isDomainIsolated": false,
    "componentType": "extension",
    "extensionType": "ListViewCommandSet"
  }
}
