{
  "@microsoft/generator-sharepoint": {
    "plusBeta": false,
    "isCreatingSolution": true,
    "version": "1.14.0",
    "libraryName": "fec-using-react-new",
    "libraryId": "ce9c2fc3-6e5f-42fe-a661-fd07a660ef31",
    "environment": "spo",
    "packageManager": "npm",
    "solutionName": "fec-using-react-new",
    "solutionShortDescription": "fec-using-react-new description",
    "skipFeatureDeployment": true,
    "isDomainIsolated": false,
    "componentType": "extension",
    "extensionType": "FieldCustomizer"
  }
}
